status	original_url	effective_url	file
000	https://agn.gob.mx	https://agn.gob.mx/	references/databases-by-region.md:271
000	https://an.gov.br	https://an.gov.br/	references/databases-by-region.md:270
000	https://arch.be	https://arch.be/	references/databases-by-region.md:162
000	https://archivi.cultura.gov.it/archivi-di-stato	https://archivi.cultura.gov.it/archivi-di-stato	references/local-databases-by-country.md:169
000	https://arxeiomnimon.gak.gr/	https://arxeiomnimon.gak.gr/	references/local-databases-by-country.md:269
000	https://billiongraves.com/	https://billiongraves.com/	references/source-access-catalog.md:191
000	https://castlegarden.org	https://castlegarden.org/	references/databases-by-region.md:221
000	https://dl.antenati.cultura.gov.it	https://dl.antenati.cultura.gov.it/	references/databases-by-region.md:177
000	https://eresursi.arhivi.gov.lv/	https://eresursi.arhivi.gov.lv/	references/local-databases-by-country.md:230
000	https://genby.by	https://genby.by/	references/databases-by-region.md:119
000	https://kirchenbuchportal.de	https://kirchenbuchportal.de/	references/databases-by-region.md:80
000	https://lvva.gov.lv	https://lvva.gov.lv/	references/databases-by-region.md:118
000	https://pra.in.ua	https://pra.in.ua/	references/databases-by-region.md:130
000	https://san.beniculturali.it/	https://san.beniculturali.it/	references/local-databases-by-country.md:168
000	https://sok.riksarkivet.se/data-api/api	https://sok.riksarkivet.se/data-api/api	references/source-access-catalog.md:65
000	https://sok.riksarkivet.se/data-api/api/anvandarvillkor-api	https://sok.riksarkivet.se/data-api/api/anvandarvillkor-api	references/source-access-catalog.md:65
000	https://sok.riksarkivet.se/data-api/nedladdningsbara-datamangder/	https://sok.riksarkivet.se/data-api/nedladdningsbara-datamangder/	references/source-access-catalog.md:65
000	https://vac.sjas.gov.si/	https://vac.sjas.gov.si/	references/local-databases-by-country.md:263
000	https://virtualbiblioteka.lt	https://virtualbiblioteka.lt/	references/databases-by-region.md:117
000	https://www.canada.ca/en/library-archives/collection/research-help/genealogy-family-history/links.html	https://www.canada.ca/en/library-archives/collection/research-help/genealogy-family-history/links.html	references/local-databases-by-country.md:350
000	https://www.juntadeandalucia.es/cultura/archivos/	https://www.juntadeandalucia.es/cultura/archivos/	references/local-databases-by-country.md:175
000	https://www.memoiredeshommes.sga.defense.gouv.fr/	https://www.memoiredeshommes.sga.defense.gouv.fr/	references/local-databases-by-country.md:95
000	https://www.mjpo.gov.cy/mjpo/statearchive/	https://www.mjpo.gov.cy/mjpo/statearchive/	references/local-databases-by-country.md:270
200	http://ifhf.rootsireland.ie/online-sources.php	http://ifhf.rootsireland.ie/online-sources.php	references/uk-ireland-local-sources.md:60
200	https://23andme.com	https://www.23andme.org/en-int/	references/databases-by-region.md:292
200	https://adatbazisokonline.mnl.gov.hu/	https://adatbazisokonline.mnl.gov.hu/	references/local-databases-by-country.md:257
200	https://adressbuecher.genealogy.net/	https://adressbuecher.genealogy.net/	references/local-databases-by-country.md:148
200	https://agad.gov.pl	https://agad.gov.pl/	references/databases-by-region.md:131
200	https://agad.gov.pl/	https://agad.gov.pl/	references/local-databases-by-country.md:69,references/source-access-catalog.md:161
200	https://agatha.arch.be/	https://agatha.arch.be/en/	references/local-databases-by-country.md:114
200	https://ais.ra.ee/	https://ais.ra.ee/	references/local-databases-by-country.md:227,references/source-access-catalog.md:165
200	https://allefriezen.nl/	https://allefriezen.nl/	references/local-databases-by-country.md:122
200	https://anno.onb.ac.at/	https://anno.onb.ac.at/	references/local-databases-by-country.md:155
200	https://api.bnf.fr/	https://api.bnf.fr/	references/source-access-catalog.md:64
200	https://api.bnf.fr/fr/api-document-de-gallica	https://api.bnf.fr/fr/api-document-de-gallica	references/source-access-catalog.md:64
200	https://api.europeana.eu/	https://api.europeana.eu/en	references/source-access-catalog.md:62
200	https://api.openarchieven.nl	https://www.openarchieven.nl/api/docs/	references/source-access-catalog.md:45
200	https://apps.proni.gov.uk/eCatNI_IE/SearchPage.aspx	https://apps.proni.gov.uk/eCatNI_IE/SearchPage.aspx	references/uk-ireland-local-sources.md:71
200	https://archieven.nl	https://www.archieven.nl/nl/	references/local-databases-by-country.md:126
200	https://archifau.cymru/	https://archifau.cymru/	references/uk-ireland-local-sources.md:40
200	https://archion.de	https://www.archion.de/de/	references/databases-by-region.md:76
200	https://archive.hrantdink.org/?l=en	https://archive.hrantdink.org/?l=en	references/local-databases-by-country.md:274
200	https://archive.org/developers/index-apis.html	https://archive.org/developers/index-apis.html	references/source-access-catalog.md:55
200	https://archives.brussels.be/	https://archives.brussels.be/	references/local-databases-by-country.md:115
200	https://archives.gov	https://www.archives.gov/	references/databases-by-region.md:226
200	https://archives.gov.by	https://archives.gov.by/	references/databases-by-region.md:116
200	https://archives.novascotia.ca/vital-statistics	https://archives.novascotia.ca/vital-statistics/	references/local-databases-by-country.md:354
200	https://archives.services-publics.lu/	https://archives.services-publics.lu/	references/local-databases-by-country.md:118
200	https://archives.wales/welsh-archive-repositories	https://archives.wales/welsh-archive-repositories/	references/uk-ireland-local-sources.md:112
200	https://archives.wales/welsh-archive-repositories/	https://archives.wales/welsh-archive-repositories/	references/uk-ireland-local-sources.md:40
200	https://arhivsrbije.rs/	https://arhivsrbije.rs/	references/local-databases-by-country.md:264
200	https://arkivdigital.se	https://www.arkivdigital.se:443/	references/databases-by-region.md:190
200	https://arxiusenlinia.cultura.gencat.cat/	https://arxiusenlinia.cultura.gencat.cat/	references/local-databases-by-country.md:176
200	https://astia.narc.fi/uusiastia/	https://astia.narc.fi/uusiastia/	references/local-databases-by-country.md:220,references/source-access-catalog.md:147
200	https://automne.com	https://automne.com/	references/databases-by-region.md:242
200	https://bdmhistoricalrecords.dia.govt.nz	https://bdmhistoricalrecords.dia.govt.nz/	references/databases-by-region.md:256
200	https://beweb.chiesacattolica.it/beniarchivistici/	https://beweb.chiesacattolica.it/beniarchivistici/	references/local-databases-by-country.md:171
200	https://billiongraves.com	https://billiongraves.com/	SKILL.md:188,references/databases-by-region.md:45
200	https://canadiana.ca	https://www.canadiana.ca/	references/databases-by-region.md:240
200	https://cbj.jhi.pl/	https://www.jhi.pl/tymczasowe-wstrzymanie-dostepu-do-zasobow	references/local-databases-by-country.md:72
200	https://cemety.lt	https://cemety.lt/	references/local-databases-by-country.md:234
200	https://cemety.lt/	https://cemety.lt/	references/local-databases-by-country.md:234
200	https://cemety.lv	https://cemety.lv/	references/local-databases-by-country.md:231
200	https://cemety.lv/	https://cemety.lv/	references/local-databases-by-country.md:231
200	https://cemla.com/	https://cemla.com/	references/local-databases-by-country.md:188
200	https://collections.archives.govt.nz	https://collections.archives.govt.nz/	references/databases-by-region.md:255
200	https://collections.archives.govt.nz/	https://collections.archives.govt.nz/	references/local-databases-by-country.md:367,references/source-access-catalog.md:117
200	https://collections.arolsen-archives.org/	https://collections.arolsen-archives.org/	references/local-databases-by-country.md:152
200	https://collections.arolsen-archives.org/en/	https://collections.arolsen-archives.org/en/	references/source-access-catalog.md:177
200	https://collections.ushmm.org/search/	https://collections.ushmm.org/search/	references/source-access-catalog.md:178
200	https://compgen.de	https://www.compgen.de/	references/databases-by-region.md:79
200	https://data.digar.ee/	https://data.digar.ee/	references/local-databases-by-country.md:228
200	https://data.matricula-online.eu	https://data.matricula-online.eu/de/	references/databases-by-region.md:208,references/databases-by-region.md:77
200	https://data.matricula-online.eu/	https://data.matricula-online.eu/de/	references/local-databases-by-country.md:119,references/local-databases-by-country.md:142,references/source-access-catalog.md:81
200	https://dea.digar.ee/	https://dea.digar.ee/	references/local-databases-by-country.md:228
200	https://dea.lib.unideb.hu	https://dea.lib.unideb.hu/	references/databases-by-region.md:209
200	https://descopera.arhivelenationale.ro/	https://descopera.arhivelenationale.ro/	references/local-databases-by-country.md:260
200	https://developers.familysearch.org/	https://developers.familysearch.org/	references/source-access-catalog.md:41
200	https://developers.familysearch.org/main/llms.txt	https://developers.familysearch.org/main/llms.txt	references/source-access-catalog.md:41
200	https://developers.familysearch.org/main/page/places-endpoints	https://developers.familysearch.org/main/page/places-endpoints	references/source-access-catalog.md:87
200	https://developers.google.com/books	https://developers.google.com/books	references/source-access-catalog.md:56
200	https://digi.kansalliskirjasto.fi/	https://digi.kansalliskirjasto.fi/	references/local-databases-by-country.md:221
200	https://digitalarchives.wa.gov/	https://digitalarchives.wa.gov/	references/local-databases-by-country.md:344
200	https://digitalarkivet.no	https://www.digitalarkivet.no:443/	references/databases-by-region.md:192
200	https://digitalcollections.archives.nysed.gov/	https://digitalcollections.archives.nysed.gov/	references/local-databases-by-country.md:339
200	https://digitarq.arquivos.pt/	https://digitarq.arquivos.pt/	references/local-databases-by-country.md:177
200	https://discovery.nationalarchives.gov.uk/	https://discovery.nationalarchives.gov.uk/	references/local-databases-by-country.md:305,references/source-access-catalog.md:129
200	https://discovery.nationalarchives.gov.uk/find-an-archive	https://discovery.nationalarchives.gov.uk/find-an-archive	references/local-databases-by-country.md:306,references/uk-ireland-local-sources.md:103,references/uk-ireland-local-sources.md:17
200	https://dnapainter.com	https://dnapainter.com/	references/databases-by-region.md:296
200	https://dnapainter.com/	https://dnapainter.com/	references/source-access-catalog.md:203
200	https://familyhistory.gg	https://familyhistory.gg/	references/uk-ireland-local-sources.md:119
200	https://familyhistory.gg/	https://familyhistory.gg/	references/uk-ireland-local-sources.md:50
200	https://familytreedna.com	https://www.familytreedna.com/	references/databases-by-region.md:294
200	https://felixarchief.antwerpen.be/	https://felixarchief.antwerpen.be/	references/local-databases-by-country.md:115
200	https://fgurgia.ru	https://fgurgia.ru/	references/databases-by-region.md:99
200	https://filae.com	http://www.filae.com/	references/databases-by-region.md:160
200	https://findagrave.com	https://www.findagrave.com/	SKILL.md:187,references/databases-by-region.md:44
200	https://fold3.com	https://www.fold3.com/	references/databases-by-region.md:222
200	https://francearchives.gouv.fr/fr/annuaire/departements	https://francearchives.gouv.fr/fr/annuaire/departements	references/local-databases-by-country.md:87,references/source-access-catalog.md:143
200	https://francearchives.gouv.fr/fr/article/26287471	https://francearchives.gouv.fr/fr/article/26287471	references/local-databases-by-country.md:89
200	https://francearchives.gouv.fr/fr/article/38170	https://francearchives.gouv.fr/fr/article/38170	references/local-databases-by-country.md:88
200	https://freebmd.org.uk	https://www.freebmd.org.uk/	references/databases-by-region.md:139
200	https://freecen.org.uk	https://www.freecen.org.uk/	references/databases-by-region.md:141
200	https://freecen2.freecen.org.uk/	https://www.freecen.org.uk/	references/source-access-catalog.md:126,references/uk-ireland-local-sources.md:19
200	https://freereg.org.uk	https://www.freereg.org.uk/	references/databases-by-region.md:140
200	https://gallica.bnf.fr/	https://gallica.bnf.fr/accueil/fr/html/accueil-fr	references/local-databases-by-country.md:96
200	https://gedbas.genealogy.net/	https://gedbas.genealogy.net/	references/local-databases-by-country.md:146
200	https://gedcom.io/specs	https://gedcom.io/specs/	references/gedcom-enrichment-workflow.md:6
200	https://gedmatch.com	https://www.gedmatch.com/	references/databases-by-region.md:295,references/vault-templates.md:207
200	https://genealogia.com.ua/	https://genealogia.com.ua/	references/local-databases-by-country.md:275
200	https://genealogy.royalbcmuseum.bc.ca/	https://genealogy.royalbcmuseum.bc.ca/	references/local-databases-by-country.md:352
200	https://geneszukacz.genealodzy.pl	https://geneszukacz.genealodzy.pl/	references/databases-by-region.md:58
200	https://geneszukacz.genealodzy.pl/	https://geneszukacz.genealodzy.pl/	references/local-databases-by-country.md:56
200	https://geneteka.genealodzy.pl	https://geneteka.genealodzy.pl/	references/databases-by-region.md:55,references/vault-templates.md:186
200	https://geneteka.genealodzy.pl/	https://geneteka.genealodzy.pl/	references/local-databases-by-country.md:55,references/source-access-catalog.md:156
200	https://geni.com	https://www.geni.com/	references/databases-by-region.md:47
200	https://genomelink.io/legal/terms-of-use	https://genomelink.io/legal/terms-of-use	references/source-access-catalog.md:103
200	https://geshergalicia.org	https://www.geshergalicia.org/	references/databases-by-region.md:283
200	https://github.com/FamilySearch/GEDCOM	https://github.com/FamilySearch/GEDCOM	references/gedcom-enrichment-workflow.md:7
200	https://github.com/FamilySearch/gedcomx	https://github.com/FamilySearch/gedcomx	references/gedcom-enrichment-workflow.md:9
200	https://github.com/findmypast/public_docs	https://github.com/findmypast/public_docs	references/source-access-catalog.md:73
200	https://glorecords.blm.gov/	https://glorecords.blm.gov/s/	references/local-databases-by-country.md:347
200	https://gov.genealogy.net/	https://gov.genealogy.net/	references/local-databases-by-country.md:144,references/source-access-catalog.md:141
200	https://grabsteine.genealogy.net/	https://grabsteine.genealogy.net/	references/local-databases-by-country.md:149
200	https://gravar.se	https://gravar.se/	references/local-databases-by-country.md:211
200	https://gravar.se/	https://gravar.se/	references/local-databases-by-country.md:211
200	https://guides.loc.gov/chronicling-america/additional-features	https://guides.loc.gov/chronicling-america/additional-features	references/source-access-catalog.md:53
200	https://hebcal.com	https://www.hebcal.com/	references/vault-templates.md:208
200	https://heritage.canadiana.ca	https://heritage.canadiana.ca/	references/databases-by-region.md:240
200	https://heritage.canadiana.ca/	https://heritage.canadiana.ca/	references/source-access-catalog.md:115
200	https://heritage.statueofliberty.org/	https://www.statueofliberty.org/arrival-search/	references/source-access-catalog.md:179
200	https://hiski.genealogia.fi/	https://hiski.genealogia.fi/	references/local-databases-by-country.md:222
200	https://histreg.no/	https://histreg.no/	references/local-databases-by-country.md:215
200	https://iiif.archive.org/iiif/documentation	https://iiif.archive.org/iiif/documentation	references/source-access-catalog.md:55
200	https://iiif.io/api/	https://iiif.io/api/	references/source-access-catalog.md:211
200	https://indeksy.projektpodlasie.pl/	https://indeksy.projektpodlasie.pl/	references/local-databases-by-country.md:64
200	https://invenio.bundesarchiv.de/	https://invenio.bundesarchiv.de/invenio/	references/local-databases-by-country.md:151
200	https://irishdeedsindex.net/	https://irishdeedsindex.net/	references/local-databases-by-country.md:318
200	https://isda.archives.government.bg:84/	https://isda.archives.government.bg:84/FundSearch.aspx	references/local-databases-by-country.md:267
200	https://jewishgen.org	https://jewishgen.org/	references/databases-by-region.md:281
200	https://jri-poland.org	https://jri-poland.org/	references/databases-by-region.md:279
200	https://jzi.org.pl/	https://jzi.org.pl/	references/local-databases-by-country.md:65
200	https://katalog.devletarsivleri.gov.tr/	https://katalog.devletarsivleri.gov.tr/	references/local-databases-by-country.md:273
200	https://katiha.kansallisarkisto.fi/	https://katiha.kansallisarkisto.fi/	references/local-databases-by-country.md:223
200	https://kresy.genealodzy.pl/	https://kresy.genealodzy.pl/	references/local-databases-by-country.md:70
200	https://libertyellisfoundation.org	https://www.statueofliberty.org/	references/databases-by-region.md:220
200	https://libraries.tas.gov.au/slat/records-included-in-the-names-index	https://libraries.tas.gov.au/slat/records-included-in-the-names-index	references/local-databases-by-country.md:364
200	https://lithuaniangenealogy.org	https://lithuaniangenealogy.org/	references/databases-by-region.md:120
200	https://manxnationalheritage.im/collections/library-and-archives	https://manxnationalheritage.im/collections/library-and-archives/	references/uk-ireland-local-sources.md:115,references/uk-ireland-local-sources.md:48
200	https://memoria.bn.gov.br/	https://memoria.bn.gov.br/	references/local-databases-by-country.md:183
200	https://meta.genealogy.net/	https://meta.genealogy.net/	references/local-databases-by-country.md:143
200	https://metryki.genbaza.pl/	https://metryki.genbaza.pl/	references/local-databases-by-country.md:67
200	https://metryki.genealodzy.pl	https://metryki.genealodzy.pl/	references/databases-by-region.md:59
200	https://metryki.genealodzy.pl/	https://metryki.genealodzy.pl/	references/local-databases-by-country.md:58,references/source-access-catalog.md:158
200	https://michiganology.org/vital-records/	https://michiganology.org/vital-records/	references/local-databases-by-country.md:343
200	https://mnl.gov.hu	https://mnl.gov.hu/	references/databases-by-region.md:210
200	https://mnl.gov.hu/	https://mnl.gov.hu/	references/local-databases-by-country.md:256
200	https://mnl.gov.hu/angol	https://mnl.gov.hu/angol	references/source-access-catalog.md:150
200	https://myheritage.com	https://www.myheritage.pl/	SKILL.md:184,references/databases-by-region.md:41
200	https://myheritage.com/dna	https://www.myheritage.pl/dna	references/databases-by-region.md:293
200	https://nationalarchives.gov.uk	https://www.nationalarchives.gov.uk/	references/databases-by-region.md:145
200	https://nationalarchives.ie/collections/	https://nationalarchives.ie/collections/	references/uk-ireland-local-sources.md:59
200	https://nationalarchives.ie/collections/search-the-1926-census	https://nationalarchives.ie/collections/search-the-1926-census/	references/uk-ireland-local-sources.md:122
200	https://nationalarchives.ie/collections/search-the-1926-census/	https://nationalarchives.ie/collections/search-the-1926-census/	references/uk-ireland-local-sources.md:58
200	https://nationalarchives.ie/collections/search-the-census	https://nationalarchives.ie/collections/search-the-census/	references/uk-ireland-local-sources.md:121
200	https://nationalarchives.ie/collections/search-the-census/	https://nationalarchives.ie/collections/search-the-census/	references/uk-ireland-local-sources.md:57
200	https://news.google.com/newspapers	https://news.google.com/newspapers	references/source-access-catalog.md:194
200	https://newspapers.com	https://www.newspapers.com/	references/databases-by-region.md:223,references/source-access-catalog.md:192
200	https://nidirect.gov.uk/proni	https://www.proni.gov.uk/	references/databases-by-region.md:144
200	https://nidirect.gov.uk/publications/proni-guide-church-records	https://www.proni.gov.uk/publications/proni-guide-church-records	references/uk-ireland-local-sources.md:125,references/uk-ireland-local-sources.md:72
200	https://nidirect.gov.uk/services/go-groni-online	https://www.nidirect.gov.uk/services/go-groni-online	references/uk-ireland-local-sources.md:124,references/uk-ireland-local-sources.md:69
200	https://noord-hollandsarchief.nl/english/family-history	https://noord-hollandsarchief.nl/english/family-history	references/local-databases-by-country.md:125
200	https://obd-memorial.ru	https://obd-memorial.ru/html/	references/databases-by-region.md:96
200	https://obd-memorial.ru/	https://obd-memorial.ru/html/	references/local-databases-by-country.md:277,references/source-access-catalog.md:166
200	https://ofb.genealogy.net/	https://ofb.genealogy.net/	references/local-databases-by-country.md:147
200	https://operations.osmfoundation.org/policies/nominatim/	https://operations.osmfoundation.org/policies/nominatim/	references/source-access-catalog.md:90
200	https://pamyat-naroda.ru	https://pamyat-naroda.ru/	references/databases-by-region.md:97
200	https://pamyat-naroda.ru/	https://pamyat-naroda.ru/	references/local-databases-by-country.md:277,references/source-access-catalog.md:167
200	https://paperspast.natlib.govt.nz	https://paperspast.natlib.govt.nz/	references/databases-by-region.md:253
200	https://paperspast.natlib.govt.nz/	https://paperspast.natlib.govt.nz/	references/local-databases-by-country.md:366,references/source-access-catalog.md:61
200	https://pares.cultura.gob.es/	https://pares.cultura.gob.es/inicio.html	references/local-databases-by-country.md:172
200	https://periodika.lv	https://periodika.lv/	references/local-databases-by-country.md:231
200	https://periodika.lv/	https://periodika.lv/	references/local-databases-by-country.md:231
200	https://podvignaroda.ru	https://podvignaroda.ru/	references/databases-by-region.md:102
200	https://podvignaroda.ru/	https://podvignaroda.ru/	references/source-access-catalog.md:168
200	https://polona.pl/	https://polona.pl/	references/local-databases-by-country.md:73
200	https://portafontium.eu	https://portafontium.eu/	references/databases-by-region.md:211
200	https://portal.arquivos.pt/	https://portal.arquivos.pt/	references/local-databases-by-country.md:179
200	https://poznan-project.psnc.pl	https://poznan-project.psnc.pl/	references/databases-by-region.md:60
200	https://poznan-project.psnc.pl/	https://poznan-project.psnc.pl/	references/local-databases-by-country.md:61,references/source-access-catalog.md:160
200	https://proni.gov.uk/proni-ecatalogue	https://www.proni.gov.uk/proni-ecatalogue	references/uk-ireland-local-sources.md:123,references/uk-ireland-local-sources.md:71
200	https://query.wikidata.org/	https://query.wikidata.org/	references/source-access-catalog.md:88
200	https://raduraksti.arhivi.lv/	https://raduraksti.arhivi.lv/	references/local-databases-by-country.md:229,references/source-access-catalog.md:164
200	https://recherche-anom.culture.gouv.fr/	https://recherche-anom.culture.gouv.fr/	references/local-databases-by-country.md:92
200	https://regestry.lubgens.eu/search.php	https://regestry.lubgens.eu/search.php	references/local-databases-by-country.md:63
200	https://riksarkivet.se	https://riksarkivet.se/	references/databases-by-region.md:191
200	https://rodovid.org	https://www.rodovid.org/	references/databases-by-region.md:101
200	https://ru.openlist.wiki/	https://ru.openlist.wiki/	references/local-databases-by-country.md:278
200	https://scotlandspeople.gov.uk	https://www.scotlandspeople.gov.uk/	references/databases-by-region.md:142
200	https://search.arch.be/	https://www-resources.arch.be/searchArchBeEndOfLifeNotice/end_of_life_notice.html	references/local-databases-by-country.md:113
200	https://search.arch.be/fr/rechercher-des-personnes	https://www-resources.arch.be/searchArchBeEndOfLifeNotice/end_of_life_notice.html	references/local-databases-by-country.md:116
200	https://sian.an.gov.br/	https://sian.an.gov.br/	references/local-databases-by-country.md:181
200	https://skanoteka.genealodzy.pl	https://skanoteka.genealodzy.pl/	references/databases-by-region.md:56
200	https://skanoteka.genealodzy.pl/	https://skanoteka.genealodzy.pl/	references/local-databases-by-country.md:57,references/source-access-catalog.md:157
200	https://skjalasafn.is/	https://island.is/s/thjodskjalasafn	references/local-databases-by-country.md:226
200	https://slovakiana.sk/scitacie-harky	https://slovakiana.sk/scitacie-harky	references/local-databases-by-country.md:255
200	https://sok.riksarkivet.se/	https://sok.riksarkivet.se/	references/local-databases-by-country.md:209
200	https://sok.riksarkivet.se/en/data-api	https://sok.riksarkivet.se/en/data-api	references/local-databases-by-country.md:210
200	https://stadsarchief.rotterdam.nl/en/genealogy	https://stadsarchief.rotterdam.nl/en/genealogy	references/local-databases-by-country.md:125
200	https://statearchive.ru	https://statearchive.ru/	references/databases-by-region.md:98
200	https://stevemorse.org/	https://stevemorse.org/	references/source-access-catalog.md:180
200	https://sukuhistoria.fi	https://sukuhistoria.fi/	references/databases-by-region.md:194
200	https://szukajwarchiwach.gov.pl	https://www.szukajwarchiwach.gov.pl/	references/databases-by-region.md:57
200	https://szukajwarchiwach.gov.pl/pradziad	https://szukajwarchiwach.gov.pl/pradziad	references/databases-by-region.md:61
200	https://tailte.ie/our-archives/collections	https://tailte.ie/our-archives/collections/	references/uk-ireland-local-sources.md:129,references/uk-ireland-local-sources.md:62
200	https://timarit.is/	https://timarit.is/	references/local-databases-by-country.md:225
200	https://tombo.pt	https://tombo.pt/	references/local-databases-by-country.md:178
200	https://tombo.pt/	https://tombo.pt/	references/local-databases-by-country.md:178
200	https://trove.nla.gov.au	https://trove.nla.gov.au/	references/databases-by-region.md:250
200	https://trove.nla.gov.au/	https://trove.nla.gov.au/	references/local-databases-by-country.md:357
200	https://trove.nla.gov.au/about/create-something/using-the-api/what-is-the-trove-api	https://trove.nla.gov.au/about/create-something/using-the-api/what-is-the-trove-api	references/source-access-catalog.md:58
200	https://usgenweb.org	https://usgenweb.org/	references/databases-by-region.md:224
200	https://vgd.ru	https://vgd.ru/	references/databases-by-region.md:100
200	https://virtualtreasury.ie/portals/population-portal	https://virtualtreasury.ie/portals/population-portal	references/uk-ireland-local-sources.md:130,references/uk-ireland-local-sources.md:63
200	https://vitalstats.gov.mb.ca/Query.php	https://vitalstats.gov.mb.ca/Query.php	references/local-databases-by-country.md:355
200	https://wiki.genealogy.net/	https://wiki.genealogy.net/Hauptseite	references/local-databases-by-country.md:150
200	https://wiki.genealogy.net/GOV/Webservice	https://wiki.genealogy.net/GOV/Webservice	references/local-databases-by-country.md:145
200	https://www.allegroningers.nl/	https://www.allegroningers.nl/	references/local-databases-by-country.md:124
200	https://www.archieven.nl/nl/personen	https://www.archieven.nl/nl/personen	references/local-databases-by-country.md:126
200	https://www.archion.de/	https://www.archion.de/de/	references/local-databases-by-country.md:141,references/source-access-catalog.md:140
200	https://www.archives.gov/developer/national-archives-catalog-dataset	https://www.archives.gov/developer/national-archives-catalog-dataset	references/source-access-catalog.md:51
200	https://www.archives.gov/research/alic/reference/state-archives.html	https://www.archives.gov/research/alic/reference/state-archives.html	references/local-databases-by-country.md:336,references/source-access-catalog.md:118
200	https://www.archives.gov/research/catalog/help/api	https://www.archives.gov/research/catalog/help/api	references/source-access-catalog.md:51
200	https://www.archives.government.bg/	https://www.archives.government.bg/	references/local-databases-by-country.md:266
200	https://www.archives.govt.nz/research-guidance/copying-and-citing-archives	https://www.archives.govt.nz/research-guidance/copying-and-citing-archives	references/source-access-catalog.md:117
200	https://www.archivesportaleurope.net/	https://www.archivesportaleurope.net/	references/source-access-catalog.md:63
200	https://www.archivesportaleurope.net/metadata-usage-guidelines/	https://www.archivesportaleurope.net/metadata-usage-guidelines/	references/source-access-catalog.md:72
200	https://www.archivinformationssystem.at/	https://www.archivinformationssystem.at/suchinfo.aspx	references/local-databases-by-country.md:153
200	https://www.archivonacional.gob.cl/	https://www.archivonacional.gob.cl/	references/local-databases-by-country.md:189
200	https://www.argentina.gob.ar/interior/archivo-general	https://www.argentina.gob.ar/interior/archivo-general-de-la-nacion	references/local-databases-by-country.md:186
200	https://www.argentina.gob.ar/interior/archivo-general-de-la-nacion/consulta-de-antecedentes-migratorios	https://www.argentina.gob.ar/interior/archivo-general-de-la-nacion/consulta-de-antecedentes-migratorios	references/local-databases-by-country.md:187
200	https://www.arhiv.hr/	https://www.arhiv.hr/hr-hr/	references/local-databases-by-country.md:261
200	https://www.arhiv.hr/hr-hr/Pretraga-mati%C4%8Dnih-knjiga	https://www.arhiv.hr/hr-hr/Pretraga-mati%C4%8Dnih-knjiga	references/local-databases-by-country.md:262
200	https://www.arkivdigital.se/	https://www.arkivdigital.se/	references/local-databases-by-country.md:212
200	https://www.artxibo.euskadi.eus/	https://www.artxibo.euskadi.eus/hasiera/	references/local-databases-by-country.md:176
200	https://www.basia.famula.pl/	https://www.basia.famula.pl/	references/local-databases-by-country.md:60
200	https://www.bcgcertification.org/ethics-standards/	https://www.bcgcertification.org/ethics-standards	references/gedcom-enrichment-workflow.md:8
200	https://www.bdm.vic.gov.au/search-your-family-history	https://www.bdm.vic.gov.au/search-your-family-history	references/local-databases-by-country.md:360
200	https://www.bdmhistoricalrecords.dia.govt.nz/	https://www.bdmhistoricalrecords.dia.govt.nz/	references/local-databases-by-country.md:368
200	https://www.belgicapress.be/	https://www.belgicapress.be/	references/local-databases-by-country.md:117
200	https://www.bundesarchiv.de/EN/Navigation/Home/home.html	https://www.bundesarchiv.de/en/federal-archives/	references/source-access-catalog.md:142
200	https://www.canadiana.ca/	https://www.canadiana.ca/	references/source-access-catalog.md:115
200	https://www.compgen.de/	https://www.compgen.de/	references/source-access-catalog.md:141
200	https://www.crkn-rcdr.ca/en/navigating-collections	https://www.crkn-rcdr.ca/en/navigating-collections	references/source-access-catalog.md:59
200	https://www.culture.fr/Grand-Memorial	https://donnees.culture.gouv.fr/	references/local-databases-by-country.md:94
200	https://www.ddd.dda.dk/	https://www.ddd.dda.dk/	references/local-databases-by-country.md:219
200	https://www.delpher.nl/	https://www.delpher.nl/	references/local-databases-by-country.md:127
200	https://www.devletarsivleri.gov.tr/	https://www.devletarsivleri.gov.tr/	references/local-databases-by-country.md:272
200	https://www.digitalarkivet.no/	https://www.digitalarkivet.no/	references/local-databases-by-country.md:214
200	https://www.digitalarkivet.no/en/	https://www.digitalarkivet.no/en/	references/source-access-catalog.md:146
200	https://www.diplomatie.gouv.fr/fr/archives-bibliotheque/effectuer-des-recherches-genealogiques-ou-familiales/actes-d-etat-civil-et-autres-archives-diplomatiques-et-consulaires	https://www.diplomatie.gouv.fr/fr/archives-bibliotheque/effectuer-des-recherches-genealogiques-ou-familiales/actes-d-etat-civil-et-autres-archives-diplomatiques-et-consulaires	references/local-databases-by-country.md:93
200	https://www.e-codices.unifr.ch/	https://www.e-codices.unifr.ch/en	references/local-databases-by-country.md:131
200	https://www.ehealthsask.ca/residents/genealogy/Pages/default.aspx	https://www.ehealthsask.ca/residents/birth-marriage-death-certificates/genealogy	references/local-databases-by-country.md:356
200	https://www.epaveldas.lt/	https://www.epaveldas.lt/	references/local-databases-by-country.md:232,references/source-access-catalog.md:163
200	https://www.europeana.eu/en/apis	https://www.europeana.eu/en/apis	references/source-access-catalog.md:62
200	https://www.familyhistoryfederation.com/find-a-society	https://www.familyhistoryfederation.com/find-a-society	references/uk-ireland-local-sources.md:104,references/uk-ireland-local-sources.md:21
200	https://www.filae.com/	https://www.filae.com/	references/local-databases-by-country.md:100
200	https://www.findagrave.com/	https://www.findagrave.com/	references/source-access-catalog.md:190
200	https://www.fold3.com/	https://www.fold3.com/	references/source-access-catalog.md:189
200	https://www.freebmd.org.uk/	https://www.freebmd.org.uk/	references/source-access-catalog.md:124,references/uk-ireland-local-sources.md:19
200	https://www.freereg.org.uk/	https://www.freereg.org.uk/	references/source-access-catalog.md:125,references/uk-ireland-local-sources.md:19
200	https://www.freeukgenealogy.org.uk	https://www.freeukgenealogy.org.uk/	references/uk-ireland-local-sources.md:101
200	https://www.freeukgenealogy.org.uk/	https://www.freeukgenealogy.org.uk/	references/local-databases-by-country.md:303,references/uk-ireland-local-sources.md:19
200	https://www.gak.gr/	https://portal.gak.gr/	references/local-databases-by-country.md:268
200	https://www.gedmatch.com/	https://www.gedmatch.com/	references/source-access-catalog.md:202
200	https://www.geneabank.org/	https://www.geneabank.org/	references/local-databases-by-country.md:98
200	https://www.genealodzy-kielce.pl/indeksy/	https://www.genealodzy-kielce.pl/indeksy/	references/local-databases-by-country.md:66
200	https://www.genealogiawarchiwach.pl/archiwum-front?locale=pl	https://www.genealogiawarchiwach.pl/archiwum-front?locale=pl	references/local-databases-by-country.md:68
200	https://www.geni.com/	https://www.geni.com/	references/source-access-catalog.md:106
200	https://www.geni.com/platform/developer/help	https://www.geni.com/platform/developer/help	references/source-access-catalog.md:44
200	https://www.geni.com/platform/developer/help/terms?version=1	https://www.geni.com/platform/developer/help/terms?version=1	references/source-access-catalog.md:44
200	https://www.genuki.org.uk	https://www.genuki.org.uk/	references/uk-ireland-local-sources.md:106
200	https://www.genuki.org.uk/	https://www.genuki.org.uk/	references/uk-ireland-local-sources.md:22
200	https://www.geonames.org/export/web-services.html	https://www.geonames.org/export/web-services.html	references/source-access-catalog.md:89
200	https://www.getty.edu/research/tools/vocabularies/lod/	https://www.getty.edu/research/tools/vocabularies/lod/	references/source-access-catalog.md:91
200	https://www.gob.mx/agn	https://www.gob.mx/agn	references/local-databases-by-country.md:185
200	https://www.gov.br/arquivonacional/pt-br/servicos/acervos	https://www.gov.br/arquivonacional/pt-br/servicos/acervos	references/local-databases-by-country.md:182
200	https://www.gov.gg/islandarchives	https://www.gov.gg/islandarchives	references/uk-ireland-local-sources.md:118,references/uk-ireland-local-sources.md:50
200	https://www.gov.uk/research-family-history	https://www.gov.uk/research-family-history	references/uk-ireland-local-sources.md:102,references/uk-ireland-local-sources.md:18
200	https://www.gro.gov.uk/	https://www.gro.gov.uk/gro/content/	references/uk-ireland-local-sources.md:18
200	https://www.gro.gov.uk/gro/content/certificates/	https://www.gro.gov.uk/gro/content/certificates/	references/local-databases-by-country.md:304,references/source-access-catalog.md:127
200	https://www.gub.uy/ministerio-educacion-cultura/archivo-general-nacion	https://www.gub.uy/ministerio-educacion-cultura/archivo-general-nacion	references/local-databases-by-country.md:191
200	https://www.houshamadyan.org/	https://www.houshamadyan.org/home.html	references/local-databases-by-country.md:274
200	https://www.icar-us.eu/en/cooperation/online-portals/matricula/	https://www.icar-us.eu/en/cooperation/online-portals/matricula/	references/source-access-catalog.md:81
200	https://www.immigrantships.net/	https://www.immigrantships.net/	references/source-access-catalog.md:181
200	https://www.imuseum.im	https://www.imuseum.im/	references/uk-ireland-local-sources.md:114
200	https://www.imuseum.im/	https://www.imuseum.im/	references/local-databases-by-country.md:319,references/uk-ireland-local-sources.md:48
200	https://www.jerseyheritage.org/research-and-collections/family-history-research	https://www.jerseyheritage.org/research-and-collections/family-history-research	references/uk-ireland-local-sources.md:116
200	https://www.jerseyheritage.org/research-and-collections/family-history-research/	https://www.jerseyheritage.org/research-and-collections/family-history-research/	references/uk-ireland-local-sources.md:49
200	https://www.jewishgen.org/	https://www.jewishgen.org/	references/source-access-catalog.md:174
200	https://www.jri-poland.org/	https://jri-poland.org/	references/local-databases-by-country.md:71,references/source-access-catalog.md:175
200	https://www.library.wales/catalogues-searching/about-our-collections/archives	https://www.library.wales/catalogues-searching/about-our-collections/archives	references/uk-ireland-local-sources.md:113,references/uk-ireland-local-sources.md:41
200	https://www.lva.virginia.gov/chancery/	https://old.lva.virginia.gov/chancery/	references/local-databases-by-country.md:346
200	https://www.memorialgenweb.org/	https://www.memorialgenweb.org/	references/local-databases-by-country.md:99
200	https://www.minv.sk/?statne-archivy-na-slovensku	https://www.minv.sk/?statne-archivy-na-slovensku	references/local-databases-by-country.md:254
200	https://www.mjusticia.gob.es/es/ciudadania/estado-civil/registro-civil	https://www.mjusticia.gob.es/es/ciudadania/estado-civil/registro-civil	references/local-databases-by-country.md:173
200	https://www.mnhs.org/search/people	https://www.mnhs.org/search/people	references/local-databases-by-country.md:345
200	https://www.mod.gov.rs/eng/19604/popis-vojnih-i-civilnih-gubitaka-kraljevine-srbije-u-ljudstvu-u-prvom-svetskom-ratu	https://www.mod.gov.rs/eng/19604/popis-vojnih-i-civilnih-gubitaka-kraljevine-srbije-u-ljudstvu-u-prvom-svetskom-ratu	references/local-databases-by-country.md:265
200	https://www.mvcr.cz/archivy/	https://mv.gov.cz/archivy-3	references/local-databases-by-country.md:253
200	https://www.myheritage.com/	https://www.myheritage.pl/	references/source-access-catalog.md:102
200	https://www.mza.cz/actapublica/	https://www.mza.cz/actapublica/matrika/hledani	references/local-databases-by-country.md:252,references/source-access-catalog.md:149
200	https://www.nationaalarchief.nl/onderzoeken	https://www.nationaalarchief.nl/onderzoeken	references/local-databases-by-country.md:128
200	https://www.nationalarchives.gov.uk/terms-and-conditions/discovery-for-developers-about-the-application-programming-interface-api/	https://www.nationalarchives.gov.uk/terms-and-conditions/discovery-for-developers-about-the-application-programming-interface-api/	references/source-access-catalog.md:71
200	https://www.nb.no/search?mediatype=aviser	https://www.nb.no/search?mediatype=aviser	references/local-databases-by-country.md:215
200	https://www.newspapers.com/	https://www.newspapers.com/	references/source-access-catalog.md:192
200	https://www.nidirect.gov.uk/proni	https://www.proni.gov.uk/	references/local-databases-by-country.md:313,references/source-access-catalog.md:132
200	https://www.nsw.gov.au/family-and-relationships/family-history-search	https://www.nsw.gov.au/family-and-relationships/family-history-search	references/local-databases-by-country.md:359
200	https://www.openarchieven.nl/	https://www.openarchieven.nl/	references/local-databases-by-country.md:120
200	https://www.openarchives.org/pmh/	https://www.openarchives.org/pmh/	references/source-access-catalog.md:212
200	https://www.peoplescollection.wales/	https://www.peoplescollection.wales/	references/local-databases-by-country.md:309
200	https://www.portafontium.eu/	https://www.portafontium.eu/	references/local-databases-by-country.md:251,references/source-access-catalog.md:148
200	https://www.proni.gov.uk/family-and-local-history-archives	https://www.proni.gov.uk/family-and-local-history-archives	references/uk-ireland-local-sources.md:131,references/uk-ireland-local-sources.md:70
200	https://www.proni.gov.uk/name-search	https://www.proni.gov.uk/name-search	references/local-databases-by-country.md:314,references/uk-ireland-local-sources.md:135,references/uk-ireland-local-sources.md:74
200	https://www.proni.gov.uk/street-directories	https://www.proni.gov.uk/street-directories	references/uk-ireland-local-sources.md:134,references/uk-ireland-local-sources.md:74
200	https://www.proni.gov.uk/valuation-revision-books	https://www.proni.gov.uk/valuation-revision-books	references/uk-ireland-local-sources.md:132,references/uk-ireland-local-sources.md:73
200	https://www.proni.gov.uk/will-calendars	https://www.proni.gov.uk/will-calendars	references/uk-ireland-local-sources.md:133,references/uk-ireland-local-sources.md:74
200	https://www.provincialarchives.alberta.ca/how-to/search-your-genealogy	https://www.provincialarchives.alberta.ca/how-to/search-your-genealogy	references/local-databases-by-country.md:356
200	https://www.ptg.gda.pl/language/pl/pomgenbaza/przeszukiwanie-rejestrow-metrykalnych/	https://www.ptg.gda.pl/language/pl/pomgenbaza/przeszukiwanie-rejestrow-metrykalnych/	references/local-databases-by-country.md:62
200	https://www.qld.gov.au/family/family-history-research/guide	https://www.qld.gov.au/family/family-history-research/guide	references/local-databases-by-country.md:362
200	https://www.ra.ee/dgs/explorer.php	https://www.ra.ee/dgs/explorer.php	references/local-databases-by-country.md:227,references/source-access-catalog.md:165
200	https://www.reabit.org.ua/nbr/	https://www.reabit.org.ua/nbr/	references/local-databases-by-country.md:276
200	https://www.recherche.bar.admin.ch/	https://www.recherche.bar.admin.ch/recherche/	references/local-databases-by-country.md:129
200	https://www.reclaimtherecords.org/	https://www.reclaimtherecords.org/	references/local-databases-by-country.md:338
200	https://www.retronews.fr/	https://www.retronews.fr/	references/local-databases-by-country.md:97
200	https://www.rootsireland.ie	https://www.rootsireland.ie/	references/uk-ireland-local-sources.md:126
200	https://www.rootsireland.ie/	https://www.rootsireland.ie/	references/local-databases-by-country.md:316,references/source-access-catalog.md:133,references/uk-ireland-local-sources.md:60
200	https://www.rootsireland.ie/map	https://www.rootsireland.ie/map/	references/uk-ireland-local-sources.md:127
200	https://www.rootsireland.ie/map/	https://www.rootsireland.ie/map/	references/uk-ireland-local-sources.md:60
200	https://www.sa.dk/ao-soegesider/da/	https://www.rigsarkivet.dk/arkivalieronline/	references/local-databases-by-country.md:217
200	https://www.sa.dk/en/	https://en.rigsarkivet.dk/	references/source-access-catalog.md:145
200	https://www.safhs.org.uk/members.php	https://www.safhs.org.uk/members.php	references/uk-ireland-local-sources.md:111,references/uk-ireland-local-sources.md:34
200	https://www.scotlandspeople.gov.uk	https://www.scotlandspeople.gov.uk/	references/uk-ireland-local-sources.md:107
200	https://www.scotlandspeople.gov.uk/	https://www.scotlandspeople.gov.uk/	references/local-databases-by-country.md:307,references/source-access-catalog.md:128,references/uk-ireland-local-sources.md:30
200	https://www.scotlandspeople.gov.uk/guides/valuation-rolls	https://www.scotlandspeople.gov.uk/guides/valuation-rolls	references/uk-ireland-local-sources.md:108
200	https://www.scotlandspeople.gov.uk/record-guides/kirk-session-records	https://www.scotlandspeople.gov.uk/record-guides/kirk-session-records	references/uk-ireland-local-sources.md:109
200	https://www.scotlandspeople.gov.uk/search-records/tax-records/vr	https://www.scotlandspeople.gov.uk/search-records/tax-records/vr	references/uk-ireland-local-sources.md:31
200	https://www.scotlandspeople.gov.uk/search-records?tab=virtual_volumes	https://www.scotlandspeople.gov.uk/search-records?tab=virtual_volumes	references/uk-ireland-local-sources.md:32
200	https://www.slaktdata.org/	https://slaktdata.org/	references/local-databases-by-country.md:213
200	https://www.slektogdata.no/gravminner	https://www.slektogdata.no/gravminner	references/local-databases-by-country.md:216
200	https://www.sukuhistoria.fi/	https://www.sukuhistoria.fi/	references/local-databases-by-country.md:224
200	https://www.svenskagravar.se/	https://www.svenskagravar.se/	references/local-databases-by-country.md:211
200	https://www.szukajwarchiwach.gov.pl/	https://www.szukajwarchiwach.gov.pl/	references/local-databases-by-country.md:59,references/source-access-catalog.md:159,references/source-access-catalog.md:79
200	https://www.ukbmd.org.uk	https://www.ukbmd.org.uk/	references/uk-ireland-local-sources.md:105
200	https://www.ukbmd.org.uk/	https://www.ukbmd.org.uk/	references/local-databases-by-country.md:315,references/uk-ireland-local-sources.md:20
200	https://www.ukbmd.org.uk/online_parish_clerk	https://www.ukbmd.org.uk/online_parish_clerk	references/local-databases-by-country.md:315,references/uk-ireland-local-sources.md:136,references/uk-ireland-local-sources.md:23
200	https://www.usgenweb.org/	https://www.usgenweb.org/	references/local-databases-by-country.md:337
200	https://www.volksbund.de/en/erinnern-gedenken/gravesearch-online	https://www.volksbund.de/en/erinnern-gedenken/gravesearch-online	references/source-access-catalog.md:188
200	https://www.wa.gov.au/organisation/department-of-justice/online-index-search-tool	https://www.wa.gov.au/organisation/department-of-justice/online-index-search-tool	references/local-databases-by-country.md:363
200	https://www.zeeuwengezocht.nl/	https://www.zeeuwsarchief.nl/zeeuwen-gezocht/	references/local-databases-by-country.md:123
200	https://yourroots.com	https://yourroots.com/	SKILL.md:185,references/databases-by-region.md:42
200	https://yourroots.com/	https://yourroots.com/	references/source-access-catalog.md:103
200	https://yourroots.com/robots.txt	https://yourroots.com/robots.txt	references/source-access-catalog.md:103
200	https://yvng.yadvashem.org/	https://collections.yadvashem.org/en/names	references/source-access-catalog.md:176
201	https://yivo.org	https://yivo.org/	references/databases-by-region.md:282
202	https://digitalnz.org	https://digitalnz.org/	references/databases-by-region.md:254
202	https://digitalnz.org/developers	https://digitalnz.org/developers	references/source-access-catalog.md:61
202	https://digitalnz.org/developers/api-docs-v3	https://digitalnz.org/developers/api-docs-v3	references/source-access-catalog.md:60
202	https://kbharkiv.dk/brug-samlingerne/kilder-paa-nettet/politiets-registerblade/	https://kbharkiv.dk/brug-samlingerne/kilder-paa-nettet/politiets-registerblade/	references/local-databases-by-country.md:218
202	https://prov.vic.gov.au/explore-collection/explore-topic/passenger-records-and-immigration	https://prov.vic.gov.au/explore-collection/explore-topic/passenger-records-and-immigration	references/local-databases-by-country.md:361
202	https://prov.vic.gov.au/explore-collection/explore-topic/wills-and-probates	https://prov.vic.gov.au/explore-collection/explore-topic/wills-and-probates	references/local-databases-by-country.md:361
202	https://wikitree.com	https://wikitree.com/	references/databases-by-region.md:46
202	https://www.wikitree.com/wiki/Help:API_Documentation	https://www.wikitree.com/wiki/Help:API_Documentation	references/source-access-catalog.md:42
202	https://www.wikitree.com/wiki/Help:App_Policies	https://www.wikitree.com/wiki/Help:App_Policies	references/source-access-catalog.md:42
202	https://www.wikitree.com/wiki/Help:Database_Dumps	https://www.wikitree.com/wiki/Help:Database_Dumps	references/source-access-catalog.md:43
302	https://www.priaulxlibrary.co.uk/	https://www.priaulxlibrary.co.uk/	references/local-databases-by-country.md:321
303	https://advitam.banq.qc.ca/	https://indispo.banq.qc.ca/SecurityPage-fr-en.html?_event_transid=1746827147	references/local-databases-by-country.md:351
403	https://a860-historicalvitalrecords.nyc.gov/	https://a860-historicalvitalrecords.nyc.gov/	references/local-databases-by-country.md:340
403	https://ancestry.ca	https://ancestry.ca/	references/databases-by-region.md:241
403	https://ancestry.com	https://ancestry.com/	SKILL.md:183,references/databases-by-region.md:40
403	https://ancestry.com/dna	https://ancestry.com/dna	references/databases-by-region.md:291
403	https://ancestry.de	https://ancestry.de/	references/databases-by-region.md:78
403	https://antenati.cultura.gov.it	https://antenati.cultura.gov.it/	references/databases-by-region.md:175
403	https://antenati.cultura.gov.it/	https://antenati.cultura.gov.it/	references/local-databases-by-country.md:167,references/source-access-catalog.md:139
403	https://archives.gnb.ca/Search/	https://archives.gnb.ca/Search/	references/local-databases-by-country.md:353
403	https://archives.gov.ua	https://archives.gov.ua/	references/databases-by-region.md:128
403	https://archives.gov.ua/en/	https://archives.gov.ua/en/	references/source-access-catalog.md:162
403	https://canada.ca/en/library-archives/collection/search.html	https://www.canada.ca/en/library-archives/collection/search.html	references/databases-by-region.md:239
403	https://catalogue.jerseyheritage.org	https://catalogue.jerseyheritage.org/	references/uk-ireland-local-sources.md:117
403	https://catalogue.jerseyheritage.org/	https://catalogue.jerseyheritage.org/	references/local-databases-by-country.md:320,references/uk-ireland-local-sources.md:49
403	https://ccc.govt.nz/services/cemeteries/cemetery-records	https://ccc.govt.nz/services/cemeteries/cemetery-records	references/local-databases-by-country.md:370
403	https://cdnc.ucr.edu/	https://cdnc.ucr.edu/	references/local-databases-by-country.md:348
403	https://eais.archyvai.lt/	https://eais.archyvai.lt/	references/local-databases-by-country.md:233
403	https://elephind.com/	https://www.elephind.com/	references/source-access-catalog.md:195
403	https://en.geneanet.org/	https://en.geneanet.org/	references/source-access-catalog.md:105
403	https://familysearch.org	https://www.familysearch.org:443/	SKILL.md:182,references/databases-by-region.md:129,references/databases-by-region.md:176,references/databases-by-region.md:212,references/databases-by-region.md:225,references/databases-by-region.md:269,references/databases-by-region.md:39,references/vault-templates.md:187
403	https://findmypast.co.uk	https://findmypast.co.uk/	references/databases-by-region.md:146
403	https://genealogy.nationalarchives.ie/	https://genealogy.nationalarchives.ie/	references/local-databases-by-country.md:312,references/source-access-catalog.md:131,references/uk-ireland-local-sources.md:59
403	https://geneanet.org	https://geneanet.org/	SKILL.md:186,references/databases-by-region.md:161,references/databases-by-region.md:43
403	https://hemerotecadigital.bne.es/	https://hemerotecadigital.bne.es/	references/local-databases-by-country.md:174
403	https://hemerotecadigital.cm-lisboa.pt/	https://hemerotecadigital.cm-lisboa.pt/	references/local-databases-by-country.md:180
403	https://hungaricana.hu/	https://hungaricana.hu/	references/local-databases-by-country.md:258
403	https://irishgenealogy.ie	https://irishgenealogy.ie/	references/databases-by-region.md:143,references/local-databases-by-country.md:311,references/source-access-catalog.md:130,references/uk-ireland-local-sources.md:120,references/uk-ireland-local-sources.md:56
403	https://irishgenealogy.ie/	https://irishgenealogy.ie/	references/uk-ireland-local-sources.md:56
403	https://loc.gov	https://loc.gov/	references/source-access-catalog.md:53
403	https://lvia.archyvai.lrv.lt/	https://lvia.archyvai.lrv.lt/	references/local-databases-by-country.md:235
403	https://lvia.archyvai.lrv.lt/en/	https://lvia.archyvai.lrv.lt/en/	references/source-access-catalog.md:163
403	https://newspapers.library.wales/	https://newspapers.library.wales/	references/local-databases-by-country.md:310
403	https://pro.dp.la/developers/api-basics	https://pro.dp.la/developers/api-basics	references/source-access-catalog.md:54
403	https://pro.dp.la/developers/policies	https://pro.dp.la/developers/policies	references/source-access-catalog.md:54
403	https://recherche-collection-search.bac-lac.gc.ca/eng/	https://recherche-collection-search.bac-lac.gc.ca/eng/	references/local-databases-by-country.md:349
403	https://recordsearch.naa.gov.au	https://recordsearch.naa.gov.au/	references/databases-by-region.md:251
403	https://recordsearch.naa.gov.au/	https://recordsearch.naa.gov.au/	references/local-databases-by-country.md:358,references/source-access-catalog.md:116
403	https://sinarchile.archivonacional.gob.cl/	https://sinarchile.archivonacional.gob.cl/	references/local-databases-by-country.md:190
403	https://www.amsterdam.nl/stadsarchief/	https://www.amsterdam.nl/stadsarchief/	references/local-databases-by-country.md:125
403	https://www.ancestry.com/	https://www.ancestry.com/	references/source-access-catalog.md:101
403	https://www.askaboutireland.ie/griffith-valuation	https://www.askaboutireland.ie/griffith-valuation	references/uk-ireland-local-sources.md:128
403	https://www.askaboutireland.ie/griffith-valuation/	https://www.askaboutireland.ie/griffith-valuation/	references/local-databases-by-country.md:317,references/uk-ireland-local-sources.md:61
403	https://www.britishnewspaperarchive.co.uk/	https://www.britishnewspaperarchive.com/	references/source-access-catalog.md:193
403	https://www.canada.ca/en/library-archives/collection/search.html	https://www.canada.ca/en/library-archives/collection/search.html	references/source-access-catalog.md:114
403	https://www.cwgc.org/find-records/find-war-dead/	https://www.cwgc.org/find-records/find-war-dead/	references/source-access-catalog.md:187
403	https://www.eda.admin.ch/countries/usa/en/home/services/genealogy/research-switzerland/staatsarchive.html	https://www.eda.admin.ch/countries/usa/en/home/services/genealogy/research-switzerland/staatsarchive.html	references/local-databases-by-country.md:130
403	https://www.familysearch.org/search/	https://www.familysearch.org/search/	references/source-access-catalog.md:107
403	https://www.familysearch.org/search/catalog	https://www.familysearch.org/search/catalog	references/source-access-catalog.md:108
403	https://www.findmypast.com/	https://www.findmypast.com/	references/source-access-catalog.md:104
403	https://www.geneanet.org/	https://www.geneanet.org/	references/local-databases-by-country.md:101
403	https://www.gov.cy/en/service/access-to-records/	https://www.gov.cy/en/service/access-to-records/	references/local-databases-by-country.md:271
403	https://www.hathitrust.org/the-collection/data-resources/	https://www.hathitrust.org/the-collection/data-resources/	references/source-access-catalog.md:57
403	https://www.ilsos.gov/departments/archives/databases.html	https://www.ilsos.gov/departments/archives/databases.html	references/local-databases-by-country.md:342
403	https://www.irishgenealogy.ie/	https://www.irishgenealogy.ie/	references/local-databases-by-country.md:311,references/source-access-catalog.md:130
403	https://www.loc.gov/apis/additional-apis/chronicling-america-api/	https://www.loc.gov/apis/additional-apis/chronicling-america-api/	references/source-access-catalog.md:53
403	https://www.loc.gov/apis/json-and-yaml/	https://www.loc.gov/apis/json-and-yaml/	references/source-access-catalog.md:52
403	https://www.loc.gov/standards/sru/	https://www.loc.gov/standards/sru/	references/source-access-catalog.md:213
403	https://www.sos.mo.gov/mdh/	https://www.sos.mo.gov/mdh/	references/local-databases-by-country.md:341
403	https://www.wiewaswie.nl/	https://www.wiewaswie.nl/	references/local-databases-by-country.md:121
403	https://www.wiewaswie.nl/en/	https://www.wiewaswie.nl/en/	references/source-access-catalog.md:144
403	https://yadvashem.org	https://www.yadvashem.org/	references/databases-by-region.md:280
404	https://sa.dk/ao	https://www.rigsarkivet.dk/ao	references/databases-by-region.md:193
404	https://www.bcgcertification.org/ethics-standards/genealogical-proof-standard/	https://www.bcgcertification.org/ethics-standards/genealogical-proof-standard/	README.md:3
405	https://maps.nls.uk	https://maps.nls.uk/	references/uk-ireland-local-sources.md:110
405	https://maps.nls.uk/	https://maps.nls.uk/	references/local-databases-by-country.md:308,references/uk-ireland-local-sources.md:33
406	https://www.aucklandcouncil.govt.nz/en/cemeteries/find-burial-cremation.html	https://www.aucklandcouncil.govt.nz/en/cemeteries/find-burial-cremation.html	references/local-databases-by-country.md:369
503	https://arhivelenationale.ro/	https://arhivelenationale.ro/	references/local-databases-by-country.md:259
